mid,email,mname,secret,username
1,user1@gmail.com,源留ㅻ땲?,$2a$12$CP.lvkxMK0AE/wlpRXsJb.PadHH2XUfUJdc.JvKFz.DL5LxOEEbw.,pm-user1
2,user2@gmail.com,?띾ℓ?덉?,$2a$12$CP.lvkxMK0AE/wlpRXsJb.PadHH2XUfUJdc.JvKFz.DL5LxOEEbw.,pm-user2
3,user3@gmail.com,媛뺣ℓ?덉?,$2a$12$CP.lvkxMK0AE/wlpRXsJb.PadHH2XUfUJdc.JvKFz.DL5LxOEEbw.,pm-user3
4,user4@gmail.com,?꾨ℓ?덉?,$2a$12$CP.lvkxMK0AE/wlpRXsJb.PadHH2XUfUJdc.JvKFz.DL5LxOEEbw.,pm-user4
5,user5@gmail.com,媛쒕컻?1,$2a$12$CP.lvkxMK0AE/wlpRXsJb.PadHH2XUfUJdc.JvKFz.DL5LxOEEbw.,user5
6,kiara@gmail.com,湲고쉷?1,$2a$12$CP.lvkxMK0AE/wlpRXsJb.PadHH2XUfUJdc.JvKFz.DL5LxOEEbw.,kiara
16,hbin1028@gmail.com,UX??ъ썝,$2a$12$CP.lvkxMK0AE/wlpRXsJb.PadHH2XUfUJdc.JvKFz.DL5LxOEEbw.,hbin1028
17,it1@gmail.com,媛쒕컻?1,$2a$12$CP.lvkxMK0AE/wlpRXsJb.PadHH2XUfUJdc.JvKFz.DL5LxOEEbw.,it1
18,it2@gmail.com,媛쒕컻?2,$2a$12$PXD3I0W.87sYwBgCXqBr0uOO/66szcNtlXkYfFrnWqSL2hhXfhlMG,it2
